Sitio,Grupo,Tipo,Fecha,Transecto,Bloque,Numero,SHJ ID,FVE ID,DFM ID,species,Codigo,Largo,Swab,Dedo,Recap,Foto,Muerto,Notas,X20
LL-N,Estacion,N,1/9/22,4,C,4,priach,priach,priach,priach,2,2.3,Y,Y,N,4,NA,NA,NA
LL-N,Estacion,N,1/9/22,4,D,5,priach,priach,priach,priach,22,3.9,Y,Y,N,5,NA,"lost dedo, so cut 0022, escapó uno del 4D",NA
LL-C,Estacion,C,1/9/22,2,A,9,priach,priach,priach,priach,3,0.9,Y,Y,N,9,NA,NA,NA
LL-C,Estacion,C,1/9/22,2,D,11,priach,priach,priach,priach,3,3.2,Y,Y,N,11,NA,NA,NA
LL-C,Estacion,C,1/9/22,4,A,16,priach,priach,priach,priach,3,3.9,Y,Y,N,16,NA,NA,NA
JZ-C,Estacion,C,2/9/22,1,D,19,priach,priach,priach,priach,5,3,Y,Y,N,19,NA,NA,NA
JZ-C,Estacion,C,2/9/22,1,D,20,priach,priach,priach,priach,5,2.4,Y,Y,N,20,NA,NA,NA
JZ-C,Estacion,C,2/9/22,2,D,22,priach,priach,priach,priach,5,2.6,Y,Y,N,22,NA,NA,NA
LL-C,Estacion,C,3/9/22,1,A,25,priach,priach,priach,priach,3,2.9,Y,Y,N,25,NA,NA,NA
LL-C,Estacion,C,3/9/22,3,A,27,priach,priach,priach,priach,3,2.8,Y,Y,N,27,NA,NA,NA
LL-N,Estacion,N,3/9/22,2,C,36,priach,priach,priach,priach,2,2.9,Y,Y,N,36,NA,NA,NA
LL-N,Estacion,N,3/9/22,2,D,39,priach,priach,priach,priach,2,2.8,Y,Y,N,39,NA,NA,NA
LL-N,Estacion,N,3/9/22,4,B,42,priach,priach,priach,priach,2,3,Y,Y,N,42,NA,NA,NA
JZ-C,Estacion,C,5/9/22,1,C,49,priach,priach,priach,priach,5,4.2,Y,Y,N,49,NA,NA,NA
JZ-C,Estacion,C,5/9/22,2,B,50,priach,priach,priach,priach,5,2.6,Y,Y,N,50,NA,NA,NA
JZ-C,Estacion,C,5/9/22,2,C,51,priach,priach,priach,priach,5,2.8,Y,Y,N,51,NA,NA,NA
JZ-C,Estacion,C,5/9/22,3,C,52,priach,priach,priach,priach,5,1.9,Y,Y,N,52,NA,NA,NA
LL-N,Estacion,N,6/9/22,1,A,54,priach,priach,priach,priach,2,2.9,Y,Y,N,54,NA,uno escapo del 1C,NA
LL-N,Estacion,N,6/9/22,2,C,57,priach,priach,priach,priach,2,1.9,Y,Y,N,57,NA,NA,NA
LL-N,Estacion,N,6/9/22,2,B,58,priach,priach,priach,priach,2,3.6,Y,Y,N,58,NA,NA,NA
LL-N,Estacion,N,6/9/22,3,B,62,priach,priach,priach,priach,2,2.9,Y,Y,N,62,NA,NA,NA
LL-N,Estacion,N,6/9/22,4,B,65,priach,priach,priach,priach,2,3.8,Y,Y,N,65,NA,NA,NA
LL-C,Estacion,C,6/9/22,1,C,70,priach,priach,priach,priach,3,3.1,Y,Y,N,70,NA,NA,NA
LL-C,Estacion,C,6/9/22,2,C,72,priach,priach,priach,priach,3,2.8,Y,Y,N,72,NA,NA,NA
LL-C,Estacion,C,6/9/22,3,B,74,priach,priach,priach,priach,3,2.9,Y,Y,N,74,NA,NA,NA
LL-C,Estacion,C,6/9/22,3,C,75,priach,priach,priach,priach,3,3,Y,Y,N,75,NA,NA,NA
LL-C,Estacion,C,6/9/22,3,C,76,priach,priach,priach,priach,3,2.6,Y,Y,N,76,NA,NA,NA
JZ-C,Estacion,C,7/9/22,1,D,80,priach,priach,priach,priach,5,3.6,Y,Y,N,80,NA,NA,NA
JZ-C,Estacion,C,7/9/22,2,C,83,priach,priach,priach,priach,5,3,Y,Y,N,R15,NA,NA,NA
JZ-C,Estacion,C,7/9/22,3,D,84,priach,priach,priach,priach,5,2.9,Y,Y,N,77,NA,NA,NA
FCAT-V2,Estacion,V,8/9/22,3,D,95,priach,priach,priach,priach,30,2,Y,Y,N,94,NA,NA,NA
FCAT-V2,Estacion,V,8/9/22,4,A,96,priach,priach,priach,priach,30,2,Y,Y,N,96,NA,NA,NA
FCAT-B2,Estacion,B,8/9/22,1,C,98,priach,priach,priach,priach,40,2.9,Y,Y,N,94,NA,NA,NA
FCAT-B2,Estacion,B,8/9/22,2,A,100,priwal,priwal,priach,priach,40,2.9,Y,Y,N,100,NA,NA,NA
AL-N,Estacion,N,9/9/22,1,A,106,priach,priach,priach,priach,200,2,Y,Y,N,106,NA,NA,NA
AL-N,Estacion,N,9/9/22,2,C,110,priach,priach,priach,priach,200,2.3,Y,Y,N,106,NA,NA,NA
AL-N,Estacion,N,9/9/22,4,D,112,priach,priach,priach,priach,200,1.8,Y,Y,N,106,NA,NA,NA
JZJ-C,Estacion,C,9/9/22,2,B,122,priach,priach,priach,priach,300,3.4,Y,Y,N,122,NA,NA,NA
JZJ-C,Estacion,C,9/9/22,2,C,123,priach,priach,priach,priach,300,2.2,Y,Y,N,123,NA,NA,NA
JZJ-C,Estacion,C,9/9/22,3,A,125,priach,priach,priach,priach,300,2.7,Y,Y,N,108,NA,NA,NA
JZJ-C,Estacion,C,9/9/22,3,C,128,priach,priach,priach,priach,300,3.7,Y,Y,N,108,NA,NA,NA
JZJ-C,Estacion,C,9/9/22,4,D,135,priach,priach,priach,priach,300,2.8,Y,Y,N,109,NA,NA,NA
FCAT-B2,Estacion,B,10/9/22,2,C,138,epibou,epibou,priach,priach,40,1.8,Y,Y,N,138,NA,"confirmado que es priach - DFM, misma foto identificado como priach, epibou",NA
FCAT-B2,Estacion,B,10/9/22,2,D,139,priach,priach,priach,priach,40,3.6,Y,Y,N,139,NA,NA,NA
FCAT-B2,Estacion,B,10/9/22,3,B,140,priach,priach,priach,priach,40,3,Y,Y,N,139,NA,NA,NA
FCAT-B2,Estacion,B,10/9/22,4,D,143,priach,priach,priach,priach,40,2.6,Y,Y,N,139,NA,NA,NA
FCAT-B2,Estacion,B,10/9/22,4,D,144,priach,priach,priach,priach,40,2.9,Y,Y,N,139,NA,NA,NA
FCAT-V2,Estacion,V,10/9/22,1,A,145,priach,priach,priach,priach,30,3.8,Y,Y,N,145,NA,NA,NA
FCAT-V2,Estacion,V,10/9/22,1,A,146,priach,priach,priach,priach,30,3.5,Y,Y,N,139,NA,NA,NA
FCAT-V2,Estacion,V,10/9/22,2,A,149,priach,priach,priach,priach,30,3,Y,Y,N,139,NA,NA,NA
FCAT-V2,Estacion,V,10/9/22,3,D,153,priach,priach,priach,priach,30,2.8,Y,Y,N,139,NA,NA,NA
FCAT-V2,Estacion,V,10/9/22,3,D,154,priach,priach,priach,priach,30,2.2,Y,Y,N,154,NA,NA,NA
JZJ-C,Estacion,C,12/9/22,1,A,157,priach,priach,priach,priach,300,2,Y,Y,N,157,NA,NA,NA
JZJ-C,Estacion,C,12/9/22,2,C,166,priach,priach,priach,priach,300,3.9,Y,Y,N,166,NA,NA,NA
JZJ-C,Estacion,C,12/9/22,3,D,173,priach,priach,priach,priach,300,2.5,Y,Y,N,157,NA,NA,NA
AL-N,Estacion,N,12/9/22,2,C,178,priach,priach,priach,priach,2000 + 0300 + 0200,4,Y,Y,N,166,NA,mal corté pero arreglado,NA
AL-N,Estacion,N,12/9/22,2,C,179,priach,priach,priach,priach,200,2.5,Y,Y,N,169,NA,NA,NA
AL-N,Estacion,N,12/9/22,4,D,182,priach,priach,priach,priach,200,3,Y,Y,N,182,NA,NA,NA
FCAT-V2,Estacion,V,13/09/22,2,C,183,priach,priach,priach,priach,30,2.5,Y,Y,N,183,NA,NA,NA
FCAT-V2,Estacion,V,13/09/22,3,B,184,priach,priach,priach,priach,30,4.2,Y,Y,N,184,NA,NA,NA
FCAT-V2,Estacion,V,13/09/22,3,C,185,priach,priach,priach,priach,30,2.7,Y,Y,N,183,NA,NA,NA
FCAT-B2,Estacion,B,13/09/22,2,D,190,priach,priach,priach,priach,40,2.1,Y,Y,N,R32,NA,NA,NA
FCAT-B2,Estacion,B,13/09/22,2,D,191,priach,priach,priach,priach,40,4,Y,Y,N,191,NA,NA,NA
FCAT-B2,Estacion,B,13/09/22,4,C,195,priach,priach,priach,priach,40,2.5,Y,Y,N,184,NA,NA,NA
AL-N,Estacion,N,14/09/22,1,C,197,priach,priach,priach,priach,200,2.9,Y,Y,N,197,NA,NA,NA
AL-N,Estacion,N,14/09/22,2,D,200,priach,priach,priach,priach,200,2.9,Y,Y,N,200,NA,NA,NA
AL-N,Estacion,N,14/09/22,3,A,201,priach,priach,priach,priach,200,2.7,Y,Y,N,200,NA,NA,NA
AL-N,Estacion,N,14/09/22,3,A,202,priach,priach,priach,priach,200,2.9,Y,Y,N,200,NA,NA,NA
JZJ-C,Estacion,C,14/09/22,1,D,208,priach,priach,priach,priach,300,3.9,Y,Y,N,200,NA,NA,NA
JZJ-C,Estacion,C,14/09/22,2,C,214,priach,priach,priach,priach,300,2.5,Y,Y,N,200,NA,NA,NA
FCAT-B1,Estacion,B,15/09/22,2,A,227,priach,priach,priach,priach,500,1.6,Y,Y,N,227,NA,NA,NA
FCAT-B1,Estacion,B,15/09/22,2,B,228,priach,priach,priach,priach,500,4.2,Y,Y,N,228,NA,NA,NA
FCAT-B1,Estacion,B,15/09/22,2,C,230,prilat,prilat,priach,priach,500,2.2,Y,Y,N,230,NA,"Pristimantis laticlavius, llevado a la estacion pero liberado",NA
FCAT-B1,Estacion,B,15/09/22,3,A,232,priach,priach,priach,priach,500,1.9,Y,Y,N,227,NA,NA,NA
FCAT-B1,Estacion,B,15/09/22,3,C,234,priach,priach,priach,priach,500,3.2,Y,Y,N,234,NA,NA,NA
FCAT-B1,Estacion,B,15/09/22,4,A,236,priach,priach,priach,priach,500,2,Y,Y,N,236,NA,NA,NA
FCAT-V1,Estacion,V,15/09/22,2,D,245,priach,priach,priach,priach,2000,2.6,Y,Y,N,229,NA,NA,NA
FCAT-V1,Estacion,V,15/09/22,3,B,246,priach,priach,priach,priach,2000,2.2,Y,Y,N,227,NA,NA,NA
FCAT-V1,Estacion,V,15/09/22,3,B,247,priach,priach,priach,priach,2000,3.2,Y,Y,N,228,NA,NA,NA
FCAT-V1,Estacion,V,15/09/22,4,B,251,priach,priach,priach,priach,2000,2.2,Y,Y,N,227,NA,NA,NA
FCAT-V1,Estacion,V,15/09/22,4,D,252,priach,priach,priach,priach,2000,3,Y,Y,N,234,NA,NA,NA
FCAT-V1,Estacion,V,17/09/22,1,B,255,priach,priach,priach,priach,2000,2.5,Y,Y,N,R44,NA,NA,NA
FCAT-V1,Estacion,V,17/09/22,2,B,259,priach,priach,priach,priach,2000,3.6,Y,Y,N,259,NA,NA,NA
FCAT-V1,Estacion,V,17/09/22,4,D,271,priach,priach,priach,priach,2000,4.3,Y,Y,N,269,NA,NA,NA
FCAT-B1,Estacion,B,17/09/22,2,D,272,priach,priach,priach,priach,500,4,Y,Y,N,272,NA,NA,NA
FCAT-B1,Estacion,B,17/09/22,3,A,273,priach,priach,priach,priach,2505,2.3,Y,Y,N,258,NA,mal corté pero arreglado,NA
FCAT-B1,Estacion,B,19/09/22,1,A,278,priach,priach,priach,priach,500,2.3,Y,Y,N,278,NA,NA,NA
FCAT-B1,Estacion,B,19/09/22,2,A,279,priach,priach,priach,priach,500,3.6,Y,Y,N,279,NA,NA,NA
FCAT-V1,Estacion,V,19/09/22,2,D,286,priach,priach,priach,priach,2000,3.1,Y,Y,N,286,NA,NA,NA
FCAT-V1,Estacion,V,19/09/22,3,B,288,priach,priach,priach,priach,2000,1.7,Y,Y,N,284,NA,NA,NA
FLL-B,Laguna,B,3/10/22,1,A,291,priach,priach,priach,priach,5,2.9,Y,Y,N,291,NA,NA,NA
FLL-B,Laguna,B,3/10/22,2,A,292,priach,priach,priach,priach,5,3.5,Y,Y,N,292,NA,NA,NA
FLL-B,Laguna,B,3/10/22,4,A,294,priach,priach,priach,priach,5,2.7,Y,Y,N,294,NA,NA,NA
FLL-V,Laguna,V,3/10/22,1,C,296,priach,priach,priach,priach,20,2.4,Y,Y,N,296,NA,NA,NA
FLL-C,Laguna,C,3/10/22,3,D,325,priach,priach,priach,priach,3,2.7,Y,Y,N,316,NA,NA,NA
FLL-C,Laguna,C,3/10/22,4,A,328,priach,priach,priach,priach,3,4,Y,Y,N,328,NA,NA,NA
FLL-C,Laguna,C,3/10/22,4,C,332,priach,priach,priach,priach,3,3.9,Y,Y,N,332,NA,NA,NA
FLL-C,Laguna,C,3/10/22,4,C,333,priach,priach,priach,priach,3,2.3,Y,Y,N,323,NA,NA,NA
FLL-C,Laguna,C,5/10/22,1,A,346,priach,priach,priach,priach,3,2.9,Y,Y,N,346,NA,NA,NA
FLL-C,Laguna,C,5/10/22,2,B,352,priach,priach,priach,priach,3,2.5,Y,Y,N,352,NA,NA,NA
FLL-C,Laguna,C,5/10/22,4,D,361,priach,priach,priach,priach,3,2.2,Y,Y,N,361,NA,NA,NA
FLL-V,Laguna,V,5/10/22,1,A,362,priach,priach,priach,priach,20,2.9,Y,Y,N,354,NA,NA,NA
FLL-V,Laguna,V,5/10/22,1,D,370,priach,priach,priach,priach,20,2.7,Y,Y,N,370,NA,NA,NA
FLL-V,Laguna,V,5/10/22,2,A,372,priach,priach,priach,priach,20,3.2,Y,Y,N,370,NA,NA,NA
FLL-V,Laguna,V,5/10/22,2,C,374,priach,priach,priach,priach,20,3.7,Y,Y,N,359,NA,NA,NA
FLL-V,Laguna,V,5/10/22,2,D,376,priach,priach,priach,priach,20,3.9,Y,Y,N,346,NA,NA,NA
FLL-V,Laguna,V,5/10/22,3,A,380,priach,priach,priach,priach,20,2.7,Y,Y,N,345,NA,NA,NA
FLL-B,Laguna,B,5/10/22,1,D,388,priach,priach,priach,priach,5,2.8,Y,Y,N,388,NA,NA,NA
FLL-B,Laguna,B,5/10/22,1,D,389,priach,priach,priach,priach,5,3,Y,Y,N,389,NA,NA,NA
FLL-B,Laguna,B,5/10/22,1,D,390,priach,priach,priach,priach,5,2.7,Y,Y,N,390,NA,NA,NA
FLL-B,Laguna,B,5/10/22,2,A,391,priach,priach,priach,priach,5,2.4,Y,Y,N,359,NA,NA,NA
FLL-B,Laguna,B,5/10/22,2,D,393,priach,priach,priach,priach,5,2.9,Y,Y,N,393,NA,NA,NA
FLL-B,Laguna,B,5/10/22,4,B,394,priach,priach,priach,priach,5,3.4,Y,Y,N,394,NA,NA,NA
FLL-C,Laguna,C,7/10/22,1,C,401,priach,priach,priach,priach,3,2.6,Y,Y,N,401,NA,NA,NA
FLL-C,Laguna,C,7/10/22,4,B,411,priach,priach,priach,priach,33,4.2,Y,Y,N,411,NA,NA,NA
FLL-C,Laguna,C,7/10/22,4,B,412,priach,priach,priach,priach,3,4,Y,Y,N,412,NA,NA,NA
FLL-V,Laguna,V,7/10/22,2,A,416,priach,priach,priach,priach,20,2.3,Y,Y,N,416,NA,NA,NA
FLL-V,Laguna,V,7/10/22,3,C,422,barpul,barpul,priach,priach,20,2.2,Y,Y,N,413,NA,NA,NA
FLL-V,Laguna,V,7/10/22,4,C,426,priach,priach,priach,priach,20,3.6,Y,Y,N,426,NA,NA,NA
FLL-B,Laguna,B,7/10/22,2,C,434,priach,priach,priach,priach,5,2.7,Y,Y,N,434,NA,NA,NA
DB-N,Laguna,N,8/10/22,1,A,435,priach,priach,priach,priach,40,2.6,Y,Y,N,435,NA,NA,NA
DB-N,Laguna,N,8/10/22,2,A,443,priach,priach,priach,priach,40,4.2,Y,Y,N,443,NA,NA,NA
DB-N,Laguna,N,8/10/22,2,A,445,priach,priach,priach,priach,40,3.7,Y,Y,N,436,NA,NA,NA
DB-N,Laguna,N,8/10/22,2,D,450,priach,priach,priach,priach,40,2.7,Y,Y,N,450,NA,NA,NA
DB-N,Laguna,N,8/10/22,4,A,457,priach,priach,priach,priach,40,2.6,Y,Y,N,457,NA,NA,NA
DB-N,Laguna,N,8/10/22,4,A,458,priach,priach,priach,priach,40,2.9,Y,Y,N,458,NA,NA,NA
DB-N,Laguna,N,10/10/22,3,C,481,priach,priach,priach,priach,40,3.6,Y,Y,N,481,NA,NA,NA
DB-N,Laguna,N,12/10/22,3,B,508,priach,priach,priach,priach,40,2.7,Y,Y,N,505,NA,NA,NA
DB-N,Laguna,N,12/10/22,3,C,512,barpul,barpul,priach,priach,40,2.3,Y,Y,N,502,NA,NA,NA
DB-N,Laguna,N,12/10/22,4,C,514,priach,priach,priach,priach,40,2.3,Y,Y,N,509,NA,NA,NA
DG-B,Gavilanes,B,6/11/22,1,D,524,priach,priach,priach,priach,5,3,Y,Y,N,522,NA,NA,NA
DG-B,Gavilanes,B,6/11/22,1,D,525,priwal,pri?,priach,priach,5,3.6,Y,Y,N,525,colectado,P. walkeri? llevado a la estacion,NA
DG-V,Gavilanes,V,6/11/22,2,B,535,priach,priach,priach,priach,0020 + 0005 + 0002,2.9,Y,Y,N,535,NA,NA,NA
DG-V,Gavilanes,V,6/11/22,3,D,545,priach,priach,priach,priach,20,1.7,Y,Y,N,545,NA,NA,NA
DG-C,Gavilanes,C,7/11/22,4,A,585,priach,priach,priach,priach,3,3.7,Y,Y,N,557,NA,NA,NA
DG-N,Gavilanes,N,7/11/22,1,A,591,priach,priach,priach,priach,2,3,Y,Y,N,562,NA,NA,NA
DG-N,Gavilanes,N,7/11/22,2,A,593,priach,priach,priach,priach,2,2.9,Y,Y,N,593,NA,NA,NA
DG-V,Gavilanes,V,8/11/22,1,B,614,priach,priach,priach,priach,20,2.6,Y,Y,N,614,NA,NA,NA
DG-V,Gavilanes,V,8/11/22,2,A,619,priach,priach,priach,priach,20,2.8,Y,Y,N,614,NA,NA,NA
DG-V,Gavilanes,V,8/11/22,2,D,622,priach,priach,priach,priach,20,2.6,Y,Y,N,614,NA,NA,NA
DG-V,Gavilanes,V,8/11/22,3,A,623,priach,priach,priach,priach,20,2.7,Y,Y,N,623,NA,NA,NA
DG-V,Gavilanes,V,8/11/22,4,A,627,priach,priach,priach,priach,20,2.8,Y,Y,N,R101,NA,NA,NA
DG-B,Gavilanes,B,8/11/22,1,C,632,priach,priach,priach,priach,5,3.7,Y,Y,N,R97,NA,NA,NA
DG-B,Gavilanes,B,8/11/22,4,A,639,priach,priach,priach,priach,5,2.7,Y,Y,N,R101,NA,NA,NA
DG-B,Gavilanes,B,8/11/22,4,C,640,priach,priach,priach,priach,0500 + 0005,2.6,Y,Y,N,640,NA,NA,NA
DG-C,Gavilanes,C,9/11/22,1,D,645,priach,priach,priach,priach,3,3.6,Y,Y,N,642,NA,NA,NA
DG-C,Gavilanes,C,9/11/22,1,D,648,priach,priach,priach,priach,3,2.2,Y,Y,N,R97,NA,NA,NA
DG-C,Gavilanes,C,9/11/22,3,C,658,priach,priach,priach,priach,3,4.2,Y,Y,N,650,NA,NA,NA
DG-C,Gavilanes,C,9/11/22,4,B,663,priach,priach,priach,priach,3,2.6,Y,Y,N,R99,NA,NA,NA
DG-C,Gavilanes,C,9/11/22,4,B,665,priach,priach,priach,priach,3,4.2,Y,Y,N,642,NA,NA,NA
DG-C,Gavilanes,C,9/11/22,4,C,670,priach,priach,priach,priach,3,2.6,Y,Y,N,R97,NA,NA,NA
DG-N,Gavilanes,N,9/11/22,1,A,673,priach,priach,priach,priach,2,3.9,Y,Y,N,662,NA,NA,NA
DG-N,Gavilanes,N,9/11/22,1,B,676,priach,priach,priach,priach,2,2.6,Y,Y,N,650,NA,NA,NA
DG-N,Gavilanes,N,9/11/22,3,B,686,priach,priach,priach,priach,2,2.2,Y,Y,N,R97,NA,NA,NA
DG-N,Gavilanes,N,9/11/22,4,B,693,priach,priach,priach,priach,2,2.3,Y,Y,N,650,NA,NA,NA
DG-N,Gavilanes,N,9/11/22,4,C,695,priach,priach,priach,priach,0020 + 0002,2.6,Y,Y,N,684,NA,NA,NA
DG-B,Gavilanes,B,10/11/22,1,D,699,cralon,cralon,priach,priach,5,2.5,Y,Y,N,699,NA,NA,NA
DG-B,Gavilanes,B,10/11/22,2,A,700,priach,priach,priach,priach,5,2.5,Y,Y,N,697,NA,NA,NA
DG-B,Gavilanes,B,10/11/22,2,D,701,priach,priach,priach,priach,5,4,Y,Y,N,R114,NA,NA,NA
DG-B,Gavilanes,B,10/11/22,3,C,702,priach,priach,priach,priach,5,2.5,Y,Y,N,R113,NA,NA,NA
DG-B,Gavilanes,B,10/11/22,4,A,703,priach,priach,priach,priach,5,2.5,Y,Y,N,R113,NA,NA,NA
DG-V,Gavilanes,V,10/11/22,1,D,708,priach,priach,priach,priach,20,3.6,Y,Y,N,697,NA,NA,NA
DG-V,Gavilanes,V,10/11/22,2,B,709,priach,priach,priach,priach,20,2.5,Y,Y,N,709,NA,NA,NA
DG-V,Gavilanes,V,10/11/22,4,C,712,priach,priach,priach,priach,20,3,Y,Y,N,R116,NA,NA,NA
DG-C,Gavilanes,C,11/11/22,1,D,716,priach,priach,priach,priach,3,2.5,Y,Y,N,R127,NA,NA,NA
DG-C,Gavilanes,C,11/11/22,3,D,726,priach,priach,priach,priach,3,2.5,Y,Y,N,714,NA,NA,NA
DG-C,Gavilanes,C,11/11/22,4,B,729,priach,priach,priach,priach,3,3.6,Y,Y,N,729,NA,NA,NA
DG-N,Gavilanes,N,11/11/22,1,A,733,priach,priach,priach,priach,2,2.7,Y,Y,N,R141,NA,NA,NA
DG-N,Gavilanes,N,11/11/22,2,B,737,priach,priach,priach,priach,2,3.5,Y,Y,N,729,NA,NA,NA
DG-N,Gavilanes,N,11/11/22,3,A,739,priach,priach,priach,priach,2,3.1,Y,Y,N,729,NA,NA,NA
AZ-N,Aniseto-Caucho,N,14/11/22,1,B,745,priach,priach,priach,priach,30,3.9,Y,Y,N,745,NA,NA,NA
AZ-N,Aniseto-Caucho,N,14/11/22,1,D,747,priach,priach,priach,priach,30,2.7,Y,Y,N,745,NA,NA,NA
AZ-N,Aniseto-Caucho,N,14/11/22,3,D,752,priach,priach,priach,priach,30,2.8,Y,Y,N,746,NA,NA,NA
AZ-C,Aniseto-Caucho,C,14/11/22,1,B,754,priach,priach,priach,priach,40,3.7,Y,Y,N,754,NA,NA,NA
AZ-C,Aniseto-Caucho,C,14/11/22,1,C,757,priach,priach,priach,priach,40,2.3,Y,Y,N,757,NA,NA,NA
AZ-C,Aniseto-Caucho,C,14/11/22,1,D,758,priach,priach,priach,priach,40,2.2,Y,Y,N,758,NA,NA,NA
LG-N,Aniseto-Caucho,N,15/11/22,1,A,763,priach,priach,priach,priach,2,1.8,Y,Y,N,763,NA,NA,NA
LG-N,Aniseto-Caucho,N,15/11/22,2,B,769,priach,priach,priach,priach,2,2.5,Y,Y,N,769,NA,NA,NA
LG-N,Aniseto-Caucho,N,15/11/22,3,B,776,priach,priach,priach,priach,2,4.5,Y,Y,N,776,NA,NA,NA
LG-C,Aniseto-Caucho,N,15/11/22,1,B,786,priach,priach,priach,priach,3,2.7,Y,Y,N,786,NA,NA,NA
LG-C,Aniseto-Caucho,N,15/11/22,2,C,787,priach,priach,priach,priach,3,2.5,Y,Y,N,763,NA,NA,NA
LG-C,Aniseto-Caucho,N,15/11/22,4,B,791,priach,priach,priach,priach,3,2.7,Y,Y,N,763,NA,NA,NA
LG-C,Aniseto-Caucho,N,15/11/22,4,C,792,priach,priach,priach,priach,3,2.1,Y,Y,N,763,NA,NA,NA
LG-C,Aniseto-Caucho,N,15/11/22,4,D,794,priach,priach,priach,priach,3,2.5,Y,Y,N,763,NA,NA,NA
AZ-N,Aniseto-Caucho,N,16/11/22,1,C,796,priach,priach,priach,priach,30,2.8,Y,Y,N,796,NA,NA,NA
AZ-N,Aniseto-Caucho,N,16/11/22,1,D,801,priach,priach,priach,priach,30,3.7,Y,Y,N,801,NA,NA,NA
AZ-C,Aniseto-Caucho,C,16/11/22,1,A,807,priach,priach,priach,priach,40,2.6,Y,Y,N,807,NA,NA,NA
AZ-C,Aniseto-Caucho,C,16/11/22,1,B,808,priach,priach,priach,priach,40,2.1,Y,Y,N,808,NA,NA,NA
AZ-C,Aniseto-Caucho,C,16/11/22,3,C,812,priach,priach,priach,priach,40,3,Y,Y,N,812,NA,NA,NA
AZ-C,Aniseto-Caucho,C,16/11/22,4,B,813,priach,priach,priach,priach,40,3.7,Y,Y,N,813,NA,NA,NA
LG-N,Aniseto-Caucho,N,17/11/22,2,A,820,priach,priach,priach,priach,2,1.6,Y,Y,N,814,NA,NA,NA
LG-N,Aniseto-Caucho,N,17/11/22,2,B,821,priach,priach,priach,priach,2,2.5,Y,Y,N,821,NA,NA,NA
LG-N,Aniseto-Caucho,N,17/11/22,2,C,822,priach,priach,priach,priach,2,2.1,Y,Y,N,822,NA,NA,NA
LG-C,Aniseto-Caucho,C,17/11/22,4,B,834,priach,priach,priach,priach,3,2.2,Y,Y,N,814,NA,NA,NA
AZ-N,Aniseto-Caucho,N,18/11/22,1,C,836,priach,priach,priach,priach,30,2.3,Y,Y,N,R171,NA,NA,NA
AZ-N,Aniseto-Caucho,N,18/11/22,1,D,837,priach,priach,priach,priach,30,2.2,Y,Y,N,837,NA,NA,NA
AZ-N,Aniseto-Caucho,N,18/11/22,2,B,839,priach,priach,priach,priach,30,3.9,Y,Y,N,838,NA,NA,NA
AZ-N,Aniseto-Caucho,N,18/11/22,3,D,840,priach,priach,priach,priach,30,2.7,Y,Y,N,R175,NA,NA,NA
AZ-N,Aniseto-Caucho,N,18/11/22,3,D,841,priach,priach,priach,priach,30,2.2,Y,Y,N,837,NA,NA,NA
AZ-C,Aniseto-Caucho,C,18/11/22,1,B,844,priach,priach,priach,priach,40,2.9,Y,Y,N,844,NA,NA,NA
AZ-C,Aniseto-Caucho,C,18/11/22,3,C,845,priach,priach,priach,priach,40,2.3,Y,Y,N,838,NA,NA,NA
AZ-C,Aniseto-Caucho,C,18/11/22,3,D,846,priach,priach,priach,priach,40,2.7,Y,Y,N,846,NA,garganta deformada,NA
LG-N,Aniseto-Caucho,N,19/11/22,2,C,854,priach,priach,priach,priach,2,2.2,Y,Y,N,851,NA,NA,NA
LG-N,Aniseto-Caucho,N,19/11/22,3,C,857,priach,priach,priach,priach,2,2.6,Y,Y,N,851,NA,NA,NA
LG-N,Aniseto-Caucho,N,19/11/22,4,A,861,priach,priach,priach,priach,2,3.5,Y,Y,N,851,NA,NA,NA
LG-N,Aniseto-Caucho,N,19/11/22,4,B,862,priach,priach,priach,priach,2,3.7,Y,Y,N,851,NA,NA,NA
LG-C,Aniseto-Caucho,C,19/11/22,1,A,864,priach,priach,priach,priach,3,2.3,Y,Y,N,850,NA,NA,NA
LG-C,Aniseto-Caucho,C,19/11/22,3,D,869,priach,priach,priach,priach,3,3.2,Y,Y,N,851,NA,NA,NA
LG-C,Aniseto-Caucho,C,19/11/22,4,A,870,priach,priach,priach,priach,3,2.2,Y,Y,N,850,NA,NA,NA
LG-C,Aniseto-Caucho,C,19/11/22,4,D,872,priach,priach,priach,priach,3,2.1,Y,Y,N,850,NA,NA,NA
GP-C,Aniseto-Caucho,C,21/11/22,1,C,875,priach,priach,priach,priach,4000,2.2,Y,Y,N,875,NA,NA,NA
GP-C,Aniseto-Caucho,C,21/11/22,3,D,882,priach,priach,priach,priach,4000,2.8,Y,Y,N,882,NA,NA,NA
GP-C,Aniseto-Caucho,C,21/11/22,4,B,884,priach,priach,priach,priach,4000,2.5,Y,Y,N,880,NA,NA,NA
GP-C,Aniseto-Caucho,C,21/11/22,4,D,885,priach,priach,priach,priach,4000,2.8,Y,Y,N,879,NA,NA,NA
GP-C,Aniseto-Caucho,C,21/11/22,4,D,886,priach,priach,priach,priach,4000,3.5,Y,Y,N,886,NA,NA,NA
PM-C,Aniseto-Caucho,C,22/11/22,3,D,899,priach,priach,priach,priach,20,2.7,Y,Y,N,899,NA,NA,NA
PM-C,Aniseto-Caucho,C,22/11/22,4,C,903,priach,priach,priach,priach,20,2.1,Y,Y,N,892,NA,NA,NA
PM-N,Aniseto-Caucho,N,22/11/22,1,C,906,priach,priach,priach,priach,5,2.5,Y,Y,N,893,NA,NA,NA
PM-N,Aniseto-Caucho,N,22/11/22,1,D,907,priach,priach,priach,priach,5,2.3,Y,Y,N,893,NA,NA,NA
PM-N,Aniseto-Caucho,N,22/11/22,2,A,909,priach,priach,priach,priach,5,3.1,Y,Y,N,893,NA,NA,NA
PM-N,Aniseto-Caucho,N,22/11/22,3,A,912,priach,priach,priach,priach,5,2.5,Y,Y,N,912,NA,NA,NA
PM-N,Aniseto-Caucho,N,22/11/22,4,A,919,priach,priach,priach,priach,5,2.8,Y,Y,N,893,NA,NA,NA
GP-C,Aniseto-Caucho,C,23/11/22,3,C,927,priach,priach,priach,priach,4000,2.6,Y,Y,N,R193,NA,NA,NA
GP-C,Aniseto-Caucho,C,23/11/22,3,C,928,priach,priach,priach,priach,4000,3.7,Y,Y,N,921,NA,NA,NA
GP-C,Aniseto-Caucho,C,23/11/22,3,C,929,priach,priach,priach,priach,4000,3,Y,Y,N,R193,NA,NA,NA
PM-C,Aniseto-Caucho,C,24/11/22,1,D,936,priach,priach,priach,priach,20,3.6,Y,Y,N,936,NA,NA,NA
PM-C,Aniseto-Caucho,C,24/11/22,2,A,937,priach,priach,priach,priach,20,1.7,Y,Y,N,R195,NA,NA,NA
PM-C,Aniseto-Caucho,C,24/11/22,2,A,938,priach,priach,priach,priach,20,2.8,Y,Y,N,938,NA,NA,NA
PM-C,Aniseto-Caucho,C,24/11/22,3,D,946,priach,priach,priach,priach,20,2.6,Y,Y,N,938,NA,NA,NA
PM-C,Aniseto-Caucho,C,24/11/22,3,D,947,priach,priach,priach,priach,20,2.9,Y,Y,N,938,NA,NA,NA
PM-C,Aniseto-Caucho,C,24/11/22,4,B,949,priach,priach,priach,priach,20,3.3,Y,Y,N,938,NA,NA,NA
PM-N,Aniseto-Caucho,N,24/11/22,2,D,956,priach,priach,priach,priach,5,2.7,Y,Y,N,R195,NA,NA,NA
GP-C,Aniseto-Caucho,C,25/11/22,4,B,965,priach,priach,priach,priach,4000,3.7,Y,Y,N,961,NA,NA,NA
GP-C,Aniseto-Caucho,C,25/11/22,4,B,966,priach,priach,priach,priach,4000,2.3,Y,Y,N,963,NA,NA,NA
PM-N,Aniseto-Caucho,N,26/11/22,1,B,967,priach,priach,priach,priach,5,2.7,Y,Y,N,967,NA,NA,NA
PM-N,Aniseto-Caucho,N,26/11/22,1,C,968,priach,priach,priach,priach,5,2.5,Y,Y,N,968,NA,NA,NA
PM-N,Aniseto-Caucho,N,26/11/22,3,C,975,priach,priach,priach,priach,5,3.5,Y,Y,N,967,NA,NA,NA
PM-N,Aniseto-Caucho,N,26/11/22,4,A,979,priach,priach,priach,priach,5,2.5,Y,Y,N,967,NA,NA,NA
PM-C,Aniseto-Caucho,C,26/11/22,1,D,985,priach,priach,priach,priach,20,3,Y,Y,N,967,NA,NA,NA
PM-C,Aniseto-Caucho,C,26/11/22,2,C,986,priach,priach,priach,priach,20,2.4,Y,Y,N,967,NA,NA,NA
VC-V,Aniseto-Caucho,V,27/11/22,2,B,994,priach,priach,priach,priach,500,2.5,Y,Y,N,991,NA,NA,NA
VC-V,Aniseto-Caucho,V,27/11/22,3,A,997,priach,priach,priach,priach,500,2.5,Y,Y,N,993,NA,NA,NA
VC-V,Aniseto-Caucho,V,27/11/22,3,D,1001,priach,priach,priach,priach,500,2.7,Y,Y,N,999,NA,NA,NA
VC-V,Aniseto-Caucho,V,27/11/22,4,A,1003,priach,priach,priach,priach,500,2.7,Y,Y,N,995,NA,NA,NA
VC-V,Aniseto-Caucho,V,27/11/22,4,C,1006,priach,priach,priach,priach,500,4.2,Y,Y,N,1006,NA,NA,NA
FCAT-B3,Aniseto-Caucho,B,27/11/22,1,B,1011,priach,priach,priach,priach,2000,3.6,Y,Y,N,1004,NA,NA,NA
FCAT-B3,Aniseto-Caucho,B,27/11/22,1,C,1013,priach,priach,priach,priach,2000,2.5,Y,Y,N,999,NA,NA,NA
FCAT-B3,Aniseto-Caucho,B,27/11/22,1,D,1014,priach,priach,priach,priach,2000,2.6,Y,Y,N,1004,NA,NA,NA
FCAT-B3,Aniseto-Caucho,B,27/11/22,4,B,1026,priach,priach,priach,priach,2000,3.8,Y,Y,N,1008,NA,NA,NA
PV-N,Aniseto-Caucho,N,28/11/22,1,A,1031,priach,priach,priach,priach,200,2.7,Y,Y,N,1031,NA,NA,NA
PV-N,Aniseto-Caucho,N,28/11/22,1,A,1033,priach,priach,priach,priach,200,2.5,Y,Y,N,1031,NA,NA,NA
PV-N,Aniseto-Caucho,N,28/11/22,1,B,1034,priach,priach,priach,priach,200,2.5,Y,Y,N,1031,NA,NA,NA
PV-N,Aniseto-Caucho,N,28/11/22,3,C,1044,priach,priach,priach,priach,200,2.7,Y,Y,N,1031,NA,NA,NA
PV-N,Aniseto-Caucho,N,28/11/22,3,C,1045,priach,priach,priach,priach,200,2.6,Y,Y,N,1031,NA,NA,NA
VC-V,Aniseto-Caucho,V,29/11/22,3,B,1058,priach,priach,priach,priach,500,3.5,Y,Y,N,1054,NA,NA,NA
FCAT-B3,Aniseto-Caucho,B,29/11/22,2,A,1066,priach,priach,priach,priach,2000,4,Y,Y,N,1066,NA,NA,NA
FCAT-B3,Aniseto-Caucho,B,29/11/22,2,D,1068,priach,priach,priach,priach,2000,3,Y,Y,N,1054,NA,NA,NA
PV-N,Aniseto-Caucho,N,30/11/22,3,C,1080,priach,priach,priach,priach,200,4,Y,Y,N,1076,NA,NA,NA
PV-N,Aniseto-Caucho,N,30/11/22,4,D,1086,priach,priach,priach,priach,200,2.5,Y,Y,N,1076,NA,NA,NA
FCAT-B3,Aniseto-Caucho,B,1/12/22,2,B,1089,priach,priach,priach,priach,2000,3.8,Y,Y,N,1089,NA,NA,NA
FCAT-B3,Aniseto-Caucho,B,1/12/22,2,D,1090,priach,priach,priach,priach,2000,4,Y,Y,N,1087,NA,NA,NA
FCAT-B3,Aniseto-Caucho,B,1/12/22,3,C,1091,priach,priach,priach,priach,2000,3.5,Y,Y,N,1087,NA,NA,NA
FCAT-B3,Aniseto-Caucho,B,1/12/22,4,D,1098,priach,priach,priach,priach,2000,3.5,Y,Y,N,1087,NA,NA,NA
VC-V,Aniseto-Caucho,V,1/12/22,1,A,1101,priach,priach,priach,priach,500,3.5,Y,Y,N,1101,NA,NA,NA
VC-V,Aniseto-Caucho,V,1/12/22,1,C,1102,priach,priach,priach,priach,500,3,Y,Y,N,1089,NA,NA,NA
VC-V,Aniseto-Caucho,V,1/12/22,3,A,1106,priach,priach,priach,priach,500,2.6,Y,Y,N,1100,NA,NA,NA
VC-V,Aniseto-Caucho,V,1/12/22,4,A,1107,priach,priach,priach,priach,500,2.9,Y,Y,N,1087,NA,NA,NA
PV-N,Aniseto-Caucho,N,2/12/22,2,A,1110,priach,priach,priach,priach,200,4,Y,Y,N,1110,NA,NA,NA
PV-N,Aniseto-Caucho,N,2/12/22,3,C,1111,priach,priach,priach,priach,200,2.5,Y,Y,N,1110,NA,NA,NA
PV-N,Aniseto-Caucho,N,2/12/22,4,B,1114,priach,priach,priach,priach,200,2,Y,Y,N,R246,NA,NA,NA
FCAT-V1,Estacion,V,9/1/23,1,A,1116,priach,priach,priach,priach,2000,3,Y,Y,N,1116,NA,NA,NA
FCAT-V1,Estacion,V,9/1/23,1,C,1117,priach,priach,priach,priach,2000,2.8,Y,Y,N,1117,NA,NA,NA
FCAT-V1,Estacion,V,9/1/23,2,B,1119,priach,priach,priach,priach,2000,2.7,Y,Y,N,1119,NA,NA,NA
FCAT-V1,Estacion,V,9/1/23,3,C,1121,priach,priach,priach,priach,2000,3.1,Y,Y,N,R247,NA,NA,NA
FCAT-V1,Estacion,V,9/1/23,4,A,1122,priach,priach,priach,priach,2000,2.7,Y,Y,N,1119,NA,NA,NA
FCAT-B1,Estacion,B,9/1/23,3,C,1126,priach,priach,priach,priach,500,2.7,Y,Y,N,1126,NA,NA,NA
JZ-C,Estacion,C,10/1/23,1,B,1127,priach,priach,priach,priach,5,3.7,Y,Y,N,1127,NA,NA,NA
JZ-C,Estacion,C,10/1/23,1,D,1128,priach,priach,priach,priach,5,2.5,Y,Y,N,1127,NA,NA,NA
JZ-C,Estacion,C,10/1/23,3,B,1132,priach,priach,priach,priach,5,3.5,Y,Y,N,1130,NA,NA,NA
JZ-C,Estacion,C,10/1/23,4,B,1135,priach,priach,priach,priach,5,2.9,Y,Y,N,1135,NA,NA,NA
JZ-N,Estacion,N,10/1/23,1,B,1139,priach,priach,priach,priach,20,3.8,Y,Y,N,1127,NA,NA,NA
JZ-N,Estacion,N,10/1/23,4,C,1146,priach,priach,priach,priach,20,3,Y,Y,N,1130,NA,NA,NA
FCAT-V1,Estacion,V,11/1/23,2,A,1152,priach,priach,priach,priach,2000,1,Y,Y,N,1149,NA,NA,NA
FCAT-V1,Estacion,V,11/1/23,2,B,1154,priach,priach,priach,priach,2000,2.5,Y,Y,N,R252,NA,NA,NA
FCAT-V1,Estacion,V,11/1/23,4,A,1156,priach,priach,priach,priach,2000,3,Y,Y,N,1156,NA,NA,NA
FCAT-V1,Estacion,V,11/1/23,4,C,1158,priach,priach,priach,priach,2000,3,Y,Y,N,1151,NA,NA,NA
FCAT-B1,Estacion,B,11/1/23,2,C,1159,priach,priach,priach,priach,500,3.5,Y,Y,N,1159,NA,NA,NA
FCAT-B1,Estacion,B,11/1/23,3,B,1160,priach,priach,priach,priach,500,2.8,Y,Y,N,1149,NA,NA,NA
JZ-C,Estacion,C,12/1/23,2,B,1161,priach,priach,priach,priach,5,2.6,Y,Y,N,R256,NA,"believe photos were mixed up, fixed",NA
JZ-C,Estacion,C,12/1/23,2,B,1163,priach,priach,priach,priach,5,2.3,Y,Y,N,1163,NA,NA,NA
JZ-C,Estacion,C,12/1/23,4,A,1164,priach,priach,priach,priach,5,2.3,Y,Y,N,R256,NA,NA,NA
JZ-N,Estacion,N,12/1/23,1,A,1165,priach,priach,priach,priach,20,4,Y,Y,N,1163,NA,NA,NA
JZ-N,Estacion,N,12/1/23,1,D,1167,priach,priach,priach,priach,20,3,Y,Y,N,1167,NA,NA,NA
JZ-N,Estacion,N,12/1/23,2,D,1168,priach,priach,priach,priach,20,3,Y,Y,N,1167,NA,NA,NA
JZ-N,Estacion,N,12/1/23,4,A,1169,priach,priach,priach,priach,20,2.8,Y,Y,N,1163,NA,NA,NA
FCAT-V1,Estacion,V,13/01/23,2,A,1170,priach,priach,priach,priach,2000,2.6,Y,Y,N,1170,NA,NA,NA
FCAT-B1,Estacion,B,13/01/23,1,C,1176,priach,priach,priach,priach,500,2.8,Y,Y,N,R258,NA,NA,NA
FCAT-B1,Estacion,B,13/01/23,2,C,1180,priach,priach,priach,priach,500,3.7,Y,Y,N,R258,NA,NA,NA
FCAT-B1,Estacion,B,13/01/23,2,C,1181,priach,priach,priach,priach,500,2.8,Y,Y,N,1181,NA,NA,NA
FCAT-B1,Estacion,B,13/01/23,2,D,1182,priach,priach,priach,priach,500,2.7,Y,Y,N,R258,NA,NA,NA
FCAT-B1,Estacion,B,13/01/23,2,D,1183,priach,priach,priach,priach,500,3,Y,Y,N,1181,NA,NA,NA
FCAT-B1,Estacion,B,13/01/23,3,C,1184,priach,priach,priach,priach,500,3,Y,Y,N,R258,NA,NA,NA
FCAT-B1,Estacion,B,13/01/23,4,C,1185,priach,priach,priach,priach,500,2.8,Y,Y,N,1181,NA,NA,NA
JZ-C,Estacion,C,14/01/23,1,C,1187,priach,priach,priach,priach,5,3.5,Y,Y,N,1187,NA,NA,NA
JZ-C,Estacion,C,14/01/23,1,D,1189,priach,priach,priach,priach,5,3.6,Y,Y,N,1189,NA,NA,NA
JZ-C,Estacion,C,14/01/23,2,C,1190,priach,priach,priach,priach,5,2.7,Y,Y,N,1190,NA,NA,NA
JZ-N,Estacion,N,14/01/23,1,B,1192,priach,priach,priach,priach,20,3.6,Y,Y,N,1187,NA,NA,NA
JZ-N,Estacion,N,14/01/23,3,D,1193,priach,priach,priach,priach,20,4,Y,Y,N,1190,NA,NA,NA
JZ-N,Estacion,N,14/01/23,3,D,1194,priach,priach,priach,priach,20,2.7,Y,Y,N,1187,NA,NA,NA
JZ-N,Estacion,N,14/01/23,4,D,1196,priach,priach,priach,priach,20,2.5,Y,Y,N,1196,NA,bonito patron!,NA
FCAT-B2,Estacion,B,16/01/23,4,A,1205,priach,NA,priach,priach,40,3.1,Y,Y,N,1205,NA,NA,NA
FCAT-V2,Estacion,V,16/01/23,1,C,1207,priach,NA,priach,priach,30,3,Y,Y,N,1207,NA,NA,NA
FCAT-V2,Estacion,V,16/01/23,3,A,1210,priach,NA,priach,priach,30,3,Y,Y,N,1205,NA,NA,NA
FCAT-V2,Estacion,V,16/01/23,4,C,1214,priach,NA,priach,priach,30,3,Y,Y,N,1205,NA,NA,NA
FCAT-B2,Estacion,B,18/01/23,2,B,1223,priach,NA,priach,priach,40,2.7,Y,Y,N,1220,NA,NA,NA
FCAT-B2,Estacion,B,18/01/23,3,A,1226,priach,NA,priach,priach,40,2.5,Y,Y,N,1220,NA,NA,NA
FCAT-B2,Estacion,B,18/01/23,3,C,1228,priach,NA,priach,priach,40,3,Y,Y,N,1225,NA,NA,NA
FCAT-B2,Estacion,B,18/01/23,4,B,1231,priach,NA,priach,priach,40,3,Y,Y,N,1220,NA,NA,NA
FCAT-V2,Estacion,V,18/01/23,2,A,1232,priach,NA,priach,priach,30,2.8,Y,Y,N,1232,NA,NA,NA
FCAT-V2,Estacion,V,18/01/23,2,D,1234,priach,NA,priach,priach,30,3,Y,Y,N,1234,NA,no hay foto,NA
FCAT-V2,Estacion,V,18/01/23,3,A,1235,priach,NA,priach,priach,30,3.3,Y,Y,N,1225,NA,NA,NA
FCAT-V2,Estacion,V,18/01/23,3,A,1236,priach,NA,priach,priach,30,3.6,Y,Y,N,1230,NA,NA,NA
FCAT-V2,Estacion,V,18/01/23,3,B,1237,priach,NA,priach,priach,30,3,Y,Y,N,1225,NA,NA,NA
FCAT-B2,Estacion,B,20/01/23,1,A,1251,priach,NA,priach,priach,40,4,Y,Y,N,1251,NA,NA,NA
FCAT-B2,Estacion,B,20/01/23,1,B,1254,priach,NA,priach,priach,40,2.8,Y,Y,N,1251,NA,NA,NA
FCAT-B2,Estacion,B,20/01/23,1,C,1255,priach,NA,priach,priach,40,3.8,Y,Y,N,1252,NA,NA,NA
FCAT-B2,Estacion,B,20/01/23,1,C,1256,priach,NA,priach,priach,40,2.8,Y,Y,N,1256,NA,NA,NA
FCAT-B2,Estacion,B,20/01/23,2,B,1258,priach,NA,priach,priach,40,3,Y,Y,N,1252,NA,NA,NA
FCAT-V2,Estacion,V,20/01/23,2,B,1262,priach,NA,priach,priach,30,3,Y,Y,N,1252,NA,"0030 was cut even though sheet says 0040 - confirmed with DZ,JL",NA
FCAT-V2,Estacion,V,20/01/23,2,B,1263,priach,NA,priach,priach,30,3,Y,Y,N,1263,NA,"0030 was cut even though sheet says 0040 - confirmed with DZ,JL",NA
LL-N,Estacion,N,23/01/23,3,A,1275,priach,NA,priach,priach,2,2.5,Y,Y,N,1275,NA,NA,NA
LL-N,Estacion,N,23/01/23,3,C,1277,priach,NA,priach,priach,2,2.5,Y,Y,N,1272,NA,NA,NA
LL-N,Estacion,N,23/01/23,4,A,1278,priach,NA,priach,priach,2,2.6,Y,Y,N,1274,NA,NA,NA
LL-N,Estacion,N,23/01/23,4,A,1280,priach,NA,priach,priach,2,2.6,Y,Y,N,1274,NA,NA,NA
LL-C,Estacion,C,23/01/23,1,C,1283,priach,NA,priach,priach,3,4,Y,Y,N,1272,NA,NA,NA
LL-C,Estacion,C,23/01/23,1,D,1284,priach,NA,priach,priach,3,2.5,Y,Y,N,1271,NA,NA,NA
LL-C,Estacion,C,23/01/23,2,B,1285,priach,NA,priach,priach,3,2.5,Y,Y,N,1274,NA,NA,NA
LL-N,Estacion,N,25/01/23,2,D,1288,priach,NA,priach,priach,2,2.7,Y,Y,N,1288,NA,NA,NA
LL-N,Estacion,N,25/01/23,3,A,1289,priach,NA,priach,priach,2,2.5,Y,Y,N,1289,NA,NA,NA
LL-N,Estacion,N,25/01/23,3,A,1290,priach,NA,priach,priach,2,3,Y,Y,N,1287,NA,NA,NA
LL-N,Estacion,N,25/01/23,4,C,1293,priach,NA,priach,priach,2,3.6,Y,Y,N,1289,NA,NA,NA
LL-C,Estacion,C,25/01/23,1,B,1294,priach,NA,priach,priach,3,4,Y,Y,N,1294,NA,NA,NA
LL-C,Estacion,C,25/01/23,1,C,1295,priach,NA,priach,priach,3,3,Y,Y,N,1286,NA,NA,NA
LL-C,Estacion,C,25/01/23,3,B,1296,priach,NA,priach,priach,3,3.5,Y,Y,N,1294,NA,NA,NA
LL-C,Estacion,C,27/01/23,2,A,1297,priach,NA,priach,priach,3,2.7,Y,Y,N,R297,NA,NA,NA
LL-C,Estacion,C,27/01/23,2,B,1298,priach,NA,priach,priach,3,2.8,Y,Y,N,R296,NA,NA,NA
LL-C,Estacion,C,27/01/23,3,B,1300,priach,NA,priach,priach,3,3,Y,Y,N,R296,NA,NA,NA
LL-C,Estacion,C,27/01/23,4,C,1303,priach,NA,priach,priach,3,1,Y,Y,N,R297,NA,NA,NA
LL-N,Estacion,N,27/01/23,1,B,1304,priach,NA,priach,priach,2,2.8,Y,Y,N,1304,NA,NA,NA
LL-N,Estacion,N,27/01/23,1,C,1305,priach,NA,priach,priach,2,4.3,Y,Y,N,1305,NA,NA,NA
FLL-V,Laguna,V,7/2/23,1,C,1311,priach,NA,priach,priach,20,4.2,Y,Y,N,1311,NA,NA,NA
FLL-V,Laguna,V,7/2/23,1,D,1313,priach,NA,priach,priach,20,3,Y,Y,N,1313,NA,NA,NA
FLL-V,Laguna,V,7/2/23,1,D,1314,priach,NA,priach,priach,20,4,Y,Y,N,1310,NA,NA,NA
FLL-V,Laguna,V,7/2/23,2,D,1318,priach,NA,priach,priach,20,3,Y,Y,N,1313,NA,NA,NA
FLL-V,Laguna,V,7/2/23,3,A,1319,priach,NA,priach,priach,20,2.7,Y,Y,N,1319,NA,NA,NA
FLL-V,Laguna,V,7/2/23,3,A,1320,priach,NA,priach,priach,20,3,Y,Y,N,1310,NA,NA,NA
FLL-C,Laguna,C,8/2/23,1,B,1353,priach,NA,priach,priach,3,3.6,Y,Y,N,1353,NA,NA,NA
FLL-C,Laguna,C,8/2/23,1,C,1354,priach,NA,priach,priach,3,3.5,Y,Y,N,1354,NA,NA,NA
FLL-C,Laguna,C,8/2/23,1,D,1355,priach,NA,priach,priach,3,2.8,Y,Y,N,1354,NA,NA,NA
FLL-C,Laguna,C,8/2/23,3,A,1361,priach,NA,priach,priach,3,3.8,Y,Y,N,1332,NA,NA,NA
FLL-C,Laguna,C,8/2/23,3,B,1362,priach,NA,priach,priach,3,4,Y,Y,N,1362,NA,NA,NA
FLL-C,Laguna,C,8/2/23,3,B,1363,priach,NA,priach,priach,3,2.7,Y,Y,N,1362,NA,NA,NA
FLL-C,Laguna,C,8/2/23,3,B,1364,priach,NA,priach,priach,3,3.7,Y,Y,N,1332,NA,NA,NA
FLL-V,Laguna,V,9/2/23,1,D,1366,priach,NA,priach,priach,20,4,Y,Y,N,1366,NA,SHJ ha revisado IDs hasta este punto,NA
FLL-V,Laguna,V,9/2/23,2,A,1369,priach,NA,priach,priach,20,3.2,Y,Y,N,1367,NA,NA,NA
FLL-V,Laguna,V,9/2/23,2,B,1370,priach,NA,priach,priach,20,2.7,Y,Y,N,1367,NA,NA,NA
FLL-V,Laguna,V,9/2/23,3,A,1373,priach,NA,priach,priach,20,3.2,Y,Y,N,1373,NA,NA,NA
FLL-C,Laguna,C,10/2/23,1,B,1387,priach,NA,priach,priach,3,2.8,Y,Y,N,R310,NA,NA,NA
FLL-C,Laguna,C,10/2/23,1,C,1388,priach,NA,priach,priach,3,3.5,Y,Y,N,1386,NA,NA,NA
FLL-C,Laguna,C,10/2/23,2,D,1392,priach,NA,priach,priach,3,2.6,Y,Y,N,R311,NA,NA,NA
DB-N,Laguna,N,14/02/23,1,A,1438,priach,NA,priach,priach,40,4,Y,Y,N,1438,NA,NA,NA
DB-N,Laguna,N,14/02/23,1,B,1439,priach,NA,priach,priach,40,3,Y,Y,N,1439,NA,NA,NA
DB-N,Laguna,N,14/02/23,1,C,1441,priach,NA,priach,priach,40,3.5,Y,Y,N,1435,NA,NA,NA
DB-N,Laguna,N,14/02/23,3,B,1447,priach,NA,priach,priach,40,2.5,Y,Y,N,1435,NA,NA,NA
DB-N,Laguna,N,14/02/23,3,B,1450,priach,NA,priach,priach,40,1.4,Y,Y,N,1435,NA,NA,NA
DB-N,Laguna,N,14/02/23,3,B,1451,priach,NA,priach,priach,40,2.5,Y,Y,N,1451,NA,NA,NA
DB-N,Laguna,N,14/02/23,3,B,1452,priach,NA,priach,priach,40,1,Y,Y,N,1451,NA,NA,NA
DB-N,Laguna,N,16/02/23,3,B,1477,priach,NA,priach,priach,40,2.9,Y,Y,N,1458,NA,NA,NA
DB-N,Laguna,N,16/02/23,3,D,1478,priach,NA,priach,priach,40,3.2,Y,Y,N,1478,NA,NA,NA
DB-N,Laguna,N,18/02/23,2,B,1492,priach,NA,priach,priach,40,1.5,Y,Y,N,1488,NA,NA,NA
DG-B,Gavilanes,B,20/02/23,2,B,1498,priach,NA,priach,priach,5,3,Y,Y,N,1498,NA,NA,NA
DG-B,Gavilanes,B,20/02/23,4,B,1500,priach,NA,priach,priach,5,3.1,Y,Y,N,1499,NA,NA,NA
DG-V,Gavilanes,V,20/02/23,1,A,1502,priach,NA,priach,priach,20,3.4,Y,Y,N,1502,NA,NA,NA
DG-V,Gavilanes,V,20/02/23,2,A,1503,priach,NA,priach,priach,20,3.3,Y,Y,N,1502,NA,NA,NA
DG-N,Gavilanes,N,21/02/23,2,D,1512,priach,NA,priach,priach,2,4.5,Y,Y,N,1508,NA,NA,NA
DG-N,Gavilanes,N,21/02/23,4,C,1521,priach,NA,priach,priach,2,3,Y,Y,N,1515,NA,NA,NA
DG-C,Gavilanes,C,21/02/23,1,C,1523,priach,NA,priach,priach,0020 + 0003,3,Y,Y,N,R365,NA,mas probable es 0002 + 0003,NA
DG-C,Gavilanes,C,21/02/23,3,B,1529,priach,NA,priach,priach,3,2,Y,Y,N,1515,NA,NA,NA
DG-C,Gavilanes,C,21/02/23,4,D,1535,priach,NA,priach,priach,3,3,Y,Y,N,1520,NA,NA,NA
DG-V,Gavilanes,V,22/02/23,1,A,1536,priach,NA,priach,priach,20,3,Y,Y,N,1536,NA,NA,NA
DG-V,Gavilanes,V,22/02/23,3,D,1540,priach,NA,priach,priach,20,3,Y,Y,N,1536,NA,NA,NA
DG-V,Gavilanes,V,22/02/23,4,A,1546,priach,NA,priach,priach,20,4,Y,Y,N,1530,NA,NA,NA
DG-V,Gavilanes,V,22/02/23,4,C,1547,priach,NA,priach,priach,20,1.8,Y,Y,N,1538,NA,NA,NA
DG-B,Gavilanes,B,22/02/23,1,A,1548,priach,NA,priach,priach,5,3.2,Y,Y,N,1538,NA,NA,NA
DG-B,Gavilanes,B,22/02/23,2,C,1551,priach,NA,priach,priach,5,4,Y,Y,N,1530,NA,NA,NA
DG-B,Gavilanes,B,22/02/23,3,A,1552,priach,NA,priach,priach,5,2.7,Y,Y,N,R370,NA,NA,NA
DG-B,Gavilanes,B,22/02/23,4,B,1554,priach,NA,priach,priach,5,3.1,Y,Y,N,1536,NA,NA,NA
DG-C,Gavilanes,C,23/02/23,1,C,1556,priach,NA,priach,priach,3,2.5,Y,Y,N,1556,NA,NA,NA
DG-C,Gavilanes,C,23/02/23,3,A,1565,priach,NA,priach,priach,3,2,Y,Y,N,1556,NA,NA,NA
DG-C,Gavilanes,C,23/02/23,3,C,1567,priach,NA,priach,priach,3,2,Y,Y,N,1559,NA,NA,NA
DG-C,Gavilanes,C,23/02/23,3,D,1569,priach,NA,priach,priach,3,2,Y,Y,N,1556,NA,NA,NA
DG-C,Gavilanes,C,23/02/23,4,C,1572,priach,NA,priach,priach,3,2.8,Y,Y,N,1559,NA,NA,NA
DG-N,Gavilanes,N,23/02/23,1,B,1576,priach,NA,priach,priach,2,2.8,Y,Y,N,1556,NA,NA,NA
DG-N,Gavilanes,N,23/02/23,1,D,1578,priach,NA,priach,priach,2,3,Y,Y,N,1566,NA,NA,NA
DG-N,Gavilanes,N,23/02/23,3,C,1580,priach,NA,priach,priach,2,2,Y,Y,N,1566,NA,NA,NA
DG-N,Gavilanes,N,23/02/23,4,A,1582,priach,NA,priach,priach,2,3.2,Y,Y,N,1559,NA,NA,NA
DG-N,Gavilanes,N,23/02/23,4,C,1584,priach,NA,priach,priach,2,3,Y,Y,N,1556,NA,NA,NA
DG-N,Gavilanes,N,23/02/23,4,D,1585,priach,NA,priach,priach,2,3,Y,Y,N,1556,NA,NA,NA
DG-V,Gavilanes,V,24/02/23,1,A,1586,priach,NA,priach,priach,20,3,Y,Y,N,1586,NA,NA,NA
DG-V,Gavilanes,V,24/02/23,2,A,1587,priach,NA,priach,priach,20,3,Y,Y,N,R371,NA,NA,NA
DG-V,Gavilanes,V,24/02/23,3,D,1589,priach,NA,priach,priach,20,2.8,Y,Y,N,R372,NA,NA,NA
DG-V,Gavilanes,V,24/02/23,4,C,1591,priach,NA,priach,priach,20,3.1,Y,Y,N,1591,NA,NA,NA
DG-B,Gavilanes,B,24/02/23,1,C,1593,priach,NA,priach,priach,5,3,Y,Y,N,R371,NA,NA,NA
DG-B,Gavilanes,B,24/02/23,2,B,1594,priach,NA,priach,priach,5,2.8,Y,Y,N,R371,NA,NA,NA
DG-B,Gavilanes,B,24/02/23,4,A,1596,priach,NA,priach,priach,5,3.3,Y,Y,N,R376,NA,NA,NA
DG-B,Gavilanes,B,24/02/23,4,B,1598,priach,NA,priach,priach,5,3,Y,Y,N,R376,NA,NA,NA
DG-C,Gavilanes,C,25/02/23,1,C,1601,priach,NA,priach,priach,3,2.8,Y,Y,N,R379,NA,NA,NA
DG-C,Gavilanes,C,25/02/23,3,C,1606,priach,NA,priach,priach,3,2.8,Y,Y,N,1600,NA,NA,NA
DG-N,Gavilanes,N,25/02/23,4,B,1621,priach,NA,priach,priach,2,2.7,Y,Y,N,R380,NA,NA,NA
DG-N,Gavilanes,N,25/02/23,4,D,1622,priach,NA,priach,priach,2,3.1,Y,Y,N,1622,NA,NA,NA
LG-N,Aniseto-Caucho,N,4/3/23,4,A,1628,priach,NA,priach,priach,2,2.5,Y,Y,N,1628,NA,NA,NA
LG-N,Aniseto-Caucho,N,4/3/23,4,B,1629,priach,NA,priach,priach,2,2,Y,Y,N,1629,NA,NA,NA
LG-N,Aniseto-Caucho,N,4/3/23,4,B,1630,priach,NA,priach,priach,2,2,Y,Y,N,1629,NA,NA,NA
LG-C,Aniseto-Caucho,C,4/3/23,2,C,1632,priach,NA,priach,priach,3,2.8,Y,Y,N,1628,NA,NA,NA
PM-C,Aniseto-Caucho,C,5/3/23,3,A,1638,priach,NA,priach,priach,20,2,Y,Y,N,1638,NA,NA,NA
PM-C,Aniseto-Caucho,C,5/3/23,3,D,1639,priach,NA,priach,priach,20,3.5,Y,Y,N,1636,NA,NA,NA
PM-C,Aniseto-Caucho,C,5/3/23,4,C,1640,priach,NA,priach,priach,20,2,Y,Y,N,R384,NA,NA,NA
PM-C,Aniseto-Caucho,C,5/3/23,4,D,1641,priach,NA,priach,priach,20,2.2,Y,Y,N,1641,NA,NA,NA
PM-N,Aniseto-Caucho,N,5/3/23,1,A,1642,priach,NA,priach,priach,5,2.6,Y,Y,N,1638,NA,NA,NA
PM-N,Aniseto-Caucho,N,5/3/23,1,C,1643,priach,NA,priach,priach,5,3.2,Y,Y,N,R384,NA,NA,NA
PM-N,Aniseto-Caucho,N,5/3/23,2,D,1645,priach,NA,priach,priach,5,3.7,Y,Y,N,R384,NA,NA,NA
PM-N,Aniseto-Caucho,N,5/3/23,3,D,1646,priach,NA,priach,priach,5,3,Y,Y,N,1636,NA,NA,NA
LG-N,Aniseto-Caucho,N,6/3/23,1,C,1648,priach,NA,priach,priach,2,2.8,Y,Y,N,1648,NA,NA,NA
LG-N,Aniseto-Caucho,N,6/3/23,1,D,1649,priach,NA,priach,priach,2,2.2,Y,Y,N,1649,NA,NA,NA
LG-N,Aniseto-Caucho,N,6/3/23,2,D,1652,priach,NA,priach,priach,2,2.5,Y,Y,N,1652,NA,NA,NA
LG-N,Aniseto-Caucho,N,6/3/23,3,A,1653,priach,NA,priach,priach,2,3.5,Y,Y,N,1652,NA,NA,NA
LG-C,Aniseto-Caucho,C,6/3/23,1,B,1655,priach,NA,priach,priach,3,2,Y,Y,N,1652,NA,NA,NA
LG-C,Aniseto-Caucho,C,6/3/23,1,D,1656,priach,NA,priach,priach,3,2.8,Y,Y,N,1652,NA,NA,NA
LG-C,Aniseto-Caucho,C,6/3/23,2,B,1659,priach,NA,priach,priach,3,3.7,Y,Y,N,1648,NA,NA,NA
LG-C,Aniseto-Caucho,C,6/3/23,2,C,1660,priach,NA,priach,priach,3,2.8,Y,Y,N,1652,NA,NA,NA
LG-C,Aniseto-Caucho,C,6/3/23,4,A,1662,priach,NA,priach,priach,3,1.5,Y,Y,N,1649,NA,NA,NA
PM-C,Aniseto-Caucho,C,7/3/23,2,A,1666,priach,NA,priach,priach,20,3,Y,Y,N,1665,NA,NA,NA
PM-C,Aniseto-Caucho,C,7/3/23,2,D,1668,priach,NA,priach,priach,20,1.8,Y,Y,N,1665,NA,NA,NA
PM-C,Aniseto-Caucho,C,7/3/23,4,C,1670,priach,NA,priach,priach,20,2,Y,Y,N,R387,NA,NA,NA
PM-N,Aniseto-Caucho,N,7/3/23,1,A,1672,priach,NA,priach,priach,5,2.8,Y,Y,N,1665,NA,NA,NA
PM-N,Aniseto-Caucho,N,7/3/23,4,A,1676,priach,NA,priach,priach,5,3,Y,Y,N,1665,NA,NA,NA
PM-N,Aniseto-Caucho,N,7/3/23,4,A,1677,priach,NA,priach,priach,5,1.8,Y,Y,N,1671,NA,NA,NA
LG-C,Aniseto-Caucho,C,8/3/23,1,D,1680,priach,NA,priach,priach,3,2,Y,Y,N,1679,NA,NA,NA
LG-C,Aniseto-Caucho,C,8/3/23,2,A,1682,priach,NA,priach,priach,3,2,Y,Y,N,1682,NA,NA,NA
LG-C,Aniseto-Caucho,C,8/3/23,2,C,1683,priach,NA,priach,priach,3,2,Y,Y,N,1679,NA,NA,NA
LG-C,Aniseto-Caucho,C,8/3/23,3,A,1685,priach,NA,priach,priach,3,2.2,Y,Y,N,1679,NA,NA,NA
LG-N,Aniseto-Caucho,N,8/3/23,2,A,1687,priach,NA,priach,priach,2,3,Y,Y,N,1687,NA,NA,NA
LG-N,Aniseto-Caucho,N,8/3/23,2,A,1688,priach,NA,priach,priach,2,2.8,Y,Y,N,1679,NA,NA,NA
LG-N,Aniseto-Caucho,N,8/3/23,3,D,1690,priach,NA,priach,priach,2,2.5,Y,Y,N,1679,NA,NA,NA
PM-C,Aniseto-Caucho,C,9/3/23,2,A,1693,priach,NA,priach,priach,20,3,Y,Y,N,1693,NA,NA,NA
PM-C,Aniseto-Caucho,C,9/3/23,3,C,1698,priach,NA,priach,priach,20,1.7,Y,Y,N,1693,NA,NA,NA
PM-C,Aniseto-Caucho,C,9/3/23,4,A,1700,priach,NA,priach,priach,20,4.5,Y,Y,N,1693,NA,NA,NA
PM-N,Aniseto-Caucho,N,9/3/23,1,A,1701,priach,NA,priach,priach,5,1.8,Y,Y,N,1693,NA,NA,NA
PM-N,Aniseto-Caucho,N,9/3/23,3,B,1704,priach,NA,priach,priach,5,2.6,Y,Y,N,1704,NA,NA,NA
PM-N,Aniseto-Caucho,N,9/3/23,3,C,1705,priach,NA,priach,priach,5,2.8,Y,Y,N,1693,NA,NA,NA
PV-N,Aniseto-Caucho,N,11/3/23,1,B,1707,priach,NA,priach,priach,200,3.1,Y,Y,N,1707,NA,NA,NA
PV-N,Aniseto-Caucho,N,11/3/23,1,C,1708,priach,NA,priach,priach,200,2.8,Y,Y,N,1708,NA,NA,NA
PV-N,Aniseto-Caucho,N,11/3/23,2,B,1710,priach,NA,priach,priach,200,2,Y,Y,N,1707,NA,NA,NA
PV-N,Aniseto-Caucho,N,11/3/23,2,B,1711,priach,NA,priach,priach,200,3,Y,Y,N,1707,NA,NA,NA
PV-N,Aniseto-Caucho,N,11/3/23,3,A,1713,priach,NA,priach,priach,200,2.8,Y,Y,N,1709,NA,NA,NA
PV-N,Aniseto-Caucho,N,11/3/23,4,A,1718,priach,NA,priach,priach,200,3,Y,Y,N,1707,NA,NA,NA
FCAT-B3,Aniseto-Caucho,B,12/3/23,2,A,1724,priach,NA,priach,priach,2000,2.8,Y,Y,N,1724,NA,NA,NA
FCAT-B3,Aniseto-Caucho,B,12/3/23,2,C,1725,priach,NA,priach,priach,2000,3.2,Y,Y,N,1724,NA,NA,NA
FCAT-B3,Aniseto-Caucho,B,12/3/23,3,B,1727,priach,NA,priach,priach,2000,1.2,Y,Y,N,1724,NA,NA,NA
FCAT-B3,Aniseto-Caucho,B,12/3/23,4,B,1729,priach,NA,priach,priach,2000,3,Y,Y,N,1729,NA,NA,NA
FCAT-B3,Aniseto-Caucho,B,12/3/23,4,D,1730,priach,NA,priach,priach,2000,1.9,Y,Y,N,1724,NA,NA,NA
VC-V,Aniseto-Caucho,V,12/3/23,2,A,1733,priach,NA,priach,priach,500,2.9,Y,Y,N,1724,NA,NA,NA
VC-V,Aniseto-Caucho,V,12/3/23,2,C,1734,priach,NA,priach,priach,500,3,Y,Y,N,1724,NA,NA,NA
VC-V,Aniseto-Caucho,V,12/3/23,3,A,1735,priach,NA,priach,priach,500,3.7,Y,Y,N,1724,NA,NA,NA
VC-V,Aniseto-Caucho,V,12/3/23,4,C,1736,priach,NA,priach,priach,500,3,Y,Y,N,1729,NA,NA,NA
VC-V,Aniseto-Caucho,V,12/3/23,4,D,1738,priach,NA,priach,priach,500,1.6,Y,Y,N,R343,NA,NA,NA
VC-V,Aniseto-Caucho,V,12/3/23,4,D,1739,priach,NA,priach,priach,500,3.2,Y,Y,N,1724,NA,NA,NA
PV-N,Aniseto-Caucho,N,13/03/23,2,A,1742,priach,NA,priach,priach,200,3,Y,Y,N,1740,NA,NA,NA
VC-V,Aniseto-Caucho,V,14/03/23,3,A,1750,priach,NA,priach,priach,500,3,Y,Y,N,R396,NA,NA,NA
VC-V,Aniseto-Caucho,V,14/03/23,3,C,1752,priach,NA,priach,priach,500,3,Y,Y,N,R396,NA,NA,NA
FCAT-B3,Aniseto-Caucho,B,14/03/23,3,D,1759,priach,NA,priach,priach,2000,3.2,Y,Y,N,R396,NA,NA,NA
PV-N,Aniseto-Caucho,N,15/03/23,2,B,1764,priach,NA,priach,priach,200,1.8,Y,Y,N,1760,NA,NA,NA
PV-N,Aniseto-Caucho,N,15/03/23,4,A,1769,priach,NA,priach,priach,200,2,Y,Y,N,1760,NA,NA,NA
PV-N,Aniseto-Caucho,N,15/03/23,4,A,1770,priach,NA,priach,priach,200,3,Y,Y,N,1760,NA,NA,NA
VC-V,Aniseto-Caucho,V,16/03/23,3,C,1780,priach,NA,priach,priach,500,1.9,Y,Y,N,1776,NA,NA,NA
VC-V,Aniseto-Caucho,V,16/03/23,3,D,1781,priach,NA,priach,priach,500,2,Y,Y,N,R404,NA,NA,NA
FCAT-B3,Aniseto-Caucho,B,16/03/23,1,D,1790,priach,NA,priach,priach,2000,3,Y,Y,N,1790,NA,NA,NA
FCAT-B3,Aniseto-Caucho,B,16/03/23,2,C,1791,priach,NA,priach,priach,2000,3,Y,Y,N,R404,NA,NA,NA
FCAT-B3,Aniseto-Caucho,B,16/03/23,4,A,1795,priach,NA,priach,priach,2000,1.5,Y,Y,N,1773,NA,NA,NA
FCAT-B3,Aniseto-Caucho,B,16/03/23,4,C,1797,priach,NA,priach,priach,2000,3,Y,Y,N,R404,NA,NA,NA
GP-C,Aniseto_Caucho,C,17/03/23,1,A,1798,priach,NA,priach,priach,4000,2,Y,Y,N,1798,NA,NA,NA
GP-C,Aniseto_Caucho,C,17/03/23,2,A,1799,priach,NA,priach,priach,4000,3,Y,Y,N,1798,NA,NA,NA
GP-C,Aniseto_Caucho,C,17/03/23,4,A,1803,priach,NA,priach,priach,4000,2,Y,Y,N,1803,NA,NA,NA
GP-C,Aniseto_Caucho,C,17/03/23,4,A,1804,priach,NA,priach,priach,4000,2.1,Y,Y,N,1798,NA,NA,NA
GP-N,Aniseto_Caucho,N,17/03/23,3,C,1807,priach,NA,priach,priach,3000,3,Y,Y,N,1803,NA,NA,NA
GP-N,Aniseto_Caucho,N,17/03/23,3,D,1808,priach,NA,priach,priach,3000,1.5,Y,Y,N,1798,NA,NA,NA
GP-N,Aniseto_Caucho,N,19/03/23,2,C,1814,priach,NA,priach,priach,3000,1.8,Y,Y,N,R410,NA,NA,NA
GP-N,Aniseto_Caucho,N,19/03/23,3,A,1816,priach,NA,priach,priach,3000,3,Y,Y,N,1816,NA,NA,NA
GP-N,Aniseto_Caucho,N,19/03/23,3,C,1818,priach,NA,priach,priach,3000,2.5,Y,Y,N,R410,NA,NA,NA
GP-N,Aniseto_Caucho,N,19/03/23,4,C,1820,priach,NA,priach,priach,3000,3.2,Y,Y,N,1816,NA,NA,NA
GP-N,Aniseto_Caucho,N,19/03/23,4,D,1821,priach,NA,priach,priach,3000,1.7,Y,Y,N,1821,NA,NA,NA
GP-N,Aniseto_Caucho,N,19/03/23,4,D,1822,priach,NA,priach,priach,3000,2.7,Y,Y,N,1815,NA,NA,NA
GP-C,Aniseto_Caucho,C,19/03/23,2,A,1823,priach,NA,priach,priach,4000,1.5,Y,Y,N,1816,NA,NA,NA
GP-N,Aniseto_Caucho,N,21/03/23,1,B,1824,priach,NA,priach,priach,3000,1.5,Y,Y,N,1824,NA,NA,NA
GP-N,Aniseto_Caucho,N,21/03/23,4,D,1834,priach,NA,priach,priach,3000,1.9,Y,Y,N,1824,NA,NA,NA
GP-C,Aniseto_Caucho,C,21/03/23,2,B,1836,priach,NA,priach,priach,4000,1.3,Y,Y,N,1836,NA,NA,NA
GP-C,Aniseto_Caucho,C,21/03/23,3,A,1837,priach,NA,priach,priach,4000,NA,Y,Y,N,1824,NA,NA,NA
GP-C,Aniseto_Caucho,C,21/03/23,4,C,1838,priach,NA,priach,priach,4000,2.4,Y,Y,N,1835,NA,NA,NA
GP-C,Aniseto_Caucho,C,21/03/23,4,D,1839,priach,NA,priach,priach,4000,3.5,Y,Y,N,1839,NA,SHJ ha revisado fotos hasta este punto,NA
GP-C,Aniseto_Caucho,C,21/03/23,2,A,R416,priach,NA,priach,priach,4000,2.5,Y,Y,N,1830,NA,NA,NA